ID,class
88299702,True
911201,False
90312,True
86135502,True
88411702,False
891716,False
8711202,True
90250,False
917062,False
901549,False
917092,False
88466802,False
88518501,False
89812,True
8910996,False
892657,False
862261,False
852552,True
877500,True
8710441,False
9013838,True
8910251,False
906616,False
861598,False
8810987,False
869254,False
868826,True
915143,True
846381,False
871149,False
894329,False
8912909,False
892214,False
91485,True
926424,True
84348301,True
914580,False
8812818,False
913102,False
862965,False
919555,True
873357,False
90769601,False
883270,True
89143602,False
8812816,False
89382602,False
8812877,True
90401602,False
864726,False
903483,False
8911670,True
903811,False
91903901,False
905501,False
88203002,False
8810436,False
915664,False
908916,False
919537,False
849014,True
8510426,False
874662,False
887181,True
923465,False
855133,False
894335,False
911685,False
921644,False
8911164,False
862989,False
874217,True
858986,True
88199202,False
915276,False
853201,True
857010,True
909231,False
8712064,False
875938,True
8912521,False
91903902,False
862028,True
872113,False
859196,False
9012568,False
9110127,True
89869,False
89344,False
9113538,True
8611555,True
861597,False
877486,True
915691,True
90401601,False
91858,False
90944601,False
924964,False
859283,True
875263,True
891670,False
9113455,False
864496,False
875878,False
9110720,False
913505,True
8910720,False
89511501,False
868223,False
87281702,True
861799,True
898677,False
9112367,False
908194,True
86135501,False
86561,False
859711,False
897630,True
9111596,False
886452,True
877159,False
896839,True
911320502,False
8910988,True
89263202,True
884689,False
907367,False
9111805,True
922576,False
9113239,False
907409,False
9112712,False
897137,False
87106,False
89382601,False
867739,True
918465,False
861648,False
904689,False
871641,False
9010259,False
909410,False
913512,False
904969,False
861853,False
893548,False
842517,True
911673,False
893783,False
858477,False
86208,True
884626,False
88147101,False
905539,False
8510824,False
846226,False
883263,True
905190,False
9112085,False
862980,False
84667401,True
908489,True
869224,False
9010333,False
9013594,False
8610175,False
866458,False
88147102,False
8910748,False
894604,False
903011,False
898678,False
9113846,False
87163,True
853401,True
8711002,False
901034302,False
90769602,False
918192,False
911296201,True
873593,True
8912049,True
914862,False
905189,False
8610637,True
91504,True
863030,True
9011495,False
8860702,True
8712289,True
892189,False
902727,False
91813701,False
921362,False
856106,True
8712291,False
89296,False
88143502,False
88350402,False
8910499,False
91930402,True
855167,False
852631,True
864018,False
864877,True
871122,False
866674,True
864033,False
85715,True
904971,False
9011971,True
873885,True
84862001,True
8811779,False
894089,False
923780,False
911916,True
902975,False
894326,True
875093,False
844359,True
914366,False
87164,True
87556202,True
9012315,True
864729,True
8813129,False
919812,False
924632,False
857343,False
883539,False
869476,False
907145,False
857810,False
861103,False
854039,True
844981,True
925311,False
8913049,False
912193,False
888264,True
84799002,True
859487,False
87127,False
854253,True
886776,True
854002,True
9012795,True
87930,False
904357,False
901288,True
8953902,True
853612,True
914769,True
881972,True
8911163,True
898431,True
8712853,False
869104,True
85713702,False
898690,False
9110944,False
892399,False
884948,True
913535,True
858970,False
86408,False
917080,False
91544001,False
862009,False
911384,False
855563,True
873843,False
8811523,False
911296202,True
881046502,True
905502,False
90251,False
8610629,False
92751,False
915186,False
8913,False
882488,False
899667,True
